GeneID,UniqueNAME,NewAnnotation_ASMTVC2.best_model,coevcoew_logfc,coevcoew_pval,coevlacz_logfc,coevlacz_pval,coewvlacz_logfc,coewvlacz_pval
KH2013:KH.C1.1116,HAND/2,KYOTOGRAIL2005.146.27.1,-2.361243431,0.000161047,-2.198238336,0.003464332,0.163005095,0.954787102
KH2013:KH.C1.1146,KH2013:KH.C1.1146_QDR1/2/3,KYOTOGRAIL2005.155.20.1,-1.763993717,0.024379135,-0.433394448,0.873369885,1.330599269,0.163634816
KH2013:KH.C1.142,RASSF10A,KYOTOGRAIL2005.162.24.1,-1.252498311,0.000668368,-0.707872334,0.270777905,0.544625977,0.34154666
KH2013:KH.C1.146,KH2013:KH.C1.146_EPHA10/2/3/4/5/6/7/8,KYOTOGRAIL2005.168.13.1,-1.032806447,0.023315165,-0.165662181,0.938501284,0.867144267,0.099993595
KH2013:KH.C1.159,HES1/2/4,KYOTOGRAIL2005.275.9.1,-1.123695302,0.037472,0.140634924,0.961550579,1.264330227,0.020574779
KH2013:KH.C1.22,UBE2D1/3,KYOTOGRAIL2005.113.8.1,-1.007935501,0.028622172,-0.32625419,0.804380653,0.681681311,0.255873399
KH2013:KH.C1.324,KH2013:KH.C1.324_CDIPT,KYOTOGRAIL2005.2351.1.1,-2.826989175,0.00011173,-0.163035694,0.977588621,2.663953482,0.000634386
KH2013:KH.C1.50,KH2013:KH.C1.50_CHDH,KYOTOGRAIL2005.354.8.1,-1.0925615,0.023412679,-0.133792022,0.959811097,0.958769478,0.079719934
KH2013:KH.C1.522,KH2013:KH.C1.522,KYOTOGRAIL2005.33.36.1,-3.362776506,0.012358818,-2.069708729,0.367549278,1.293067777,0.600641113
KH2013:KH.C1.635,KH2013:KH.C1.635,KYOTOGRAIL2005.69.55.1,-1.744894531,0.001077637,-0.168977738,0.956460288,1.575916793,0.006872903
KH2013:KH.C1.638,KH2013:KH.C1.638_C17ORF105,KYOTOGRAIL2005.450.9.1,-1.692818592,0.000607011,-0.562514781,0.622366035,1.130303811,0.060453075
KH2013:KH.C1.69,KH2013:KH.C1.69,KYOTOGRAIL2005.173.17.1,-3.733939791,0.004707813,-0.664419188,0.899671404,3.069520603,0.041616099
KH2013:KH.C1.697,FGF4,KYOTOGRAIL2005.137.16.1,-2.510757836,0.000119458,0.323928231,0.913194234,2.834686067,0.0000337
KH2013:KH.C1.770,FAM134C,KYOTOGRAIL2005.911.3.1,-1.289508703,0.013088354,-0.16341253,0.954375373,1.126096173,0.055101897
KH2013:KH.C1.822,Y56A3A.30,KYOTOGRAIL2005.23.61.1,-1.037692558,0.025619632,-0.08899146,0.978742067,0.948701097,0.066224311
KH2013:KH.C1.881,PTPMT1,KYOTOGRAIL2005.697.2.1,-1.303113059,0.038294136,-0.973164257,0.319745324,0.329948802,0.840032857
KH2013:KH.C1.953,KH2013:KH.C1.953_CG32702,KYOTOGRAIL2005.708.3.1,-2.023237755,0.011972971,-1.144231693,0.429734165,0.879006062,0.516040932
KH2013:KH.C1.961,KH2013:KH.C1.961,KYOTOGRAIL2005.155.17.1,-2.563601173,0.010267082,-0.240951761,0.969559455,2.322649412,0.03653011
KH2013:KH.C10.113,KH2013:KH.C10.113,KYOTOGRAIL2005.344.11.1,-2.0551084,0.0000017,-0.807711994,0.29050973,1.247396405,0.012940494
KH2013:KH.C10.119,KH2013:KH.C10.119,KYOTOGRAIL2005.38.77.1,-3.020070643,0.011972971,-0.273312541,0.97226214,2.746758102,0.039690974
KH2013:KH.C10.174,KH2013:KH.C10.174,KYOTOGRAIL2005.38.22.1,-1.205480172,0.004100938,-0.282143592,0.84613021,0.923336581,0.063418584
KH2013:KH.C10.203,KH2013:KH.C10.203,KYOTOGRAIL2005.39.38.1,-2.335168465,0.002350668,-0.3196698,0.92712957,2.015498664,0.018897438
KH2013:KH.C10.289,KH2013:KH.C10.289,KYOTOGRAIL2005.192.4.1,-2.618292826,0.004004024,-0.409892659,0.919669271,2.208400167,0.032212647
KH2013:KH.C10.439,KH2013:KH.C10.439_MIF,KYOTOGRAIL2005.38.23.1,-1.329021284,0.01509562,-0.339954816,0.852422536,0.989066467,0.139500104
KH2013:KH.C10.451,KH2013:KH.C10.451_F58F9.1/6/8/9,KYOTOGRAIL2005.130.21.1,-1.245150294,0.01781215,-0.385014961,0.802171085,0.860135333,0.199829516
KH2013:KH.C10.464,HRH1,KYOTOGRAIL2005.38.62.1,-2.60804206,0.0000449,-1.062883119,0.379029847,1.545158941,0.05063712
KH2013:KH.C10.498,EIF2AK4,KYOTOGRAIL2005.1024.2.1,-1.017996824,0.037472,-0.406285908,0.729932093,0.611710917,0.378630101
KH2013:KH.C10.529,KH2013:KH.C10.529_CG9517,KYOTOGRAIL2005.7.46.1,-1.317732396,0.0463539,-0.146897072,0.969559455,1.170835325,0.113974878
KH2013:KH.C10.574,ZFPM1/2,KYOTOGRAIL2005.9.51.1,-1.177100437,0.02173105,-0.328760187,0.841956567,0.84834025,0.186785311
KH2013:KH.C11.151,KH2013:KH.C11.151_C3/4/5,KYOTOGRAIL2005.250.16.1,-2.02532557,0.004606317,-0.532318304,0.809595879,1.493007266,0.084367743
KH2013:KH.C11.162,KH2013:KH.C11.162_CG8193,KYOTOGRAIL2005.12.44.1,-1.290350623,0.000166041,-0.364344786,0.678913249,0.926005837,0.021525183
KH2013:KH.C11.287,KH2013:KH.C11.287_UNC93A,KYOTOGRAIL2005.133.16.1,-1.58128857,0.001217751,-0.523154189,0.657406262,1.058134381,0.081900885
KH2013:KH.C11.370,KH2013:KH.C11.370_GBH-2,KYOTOGRAIL2005.75.25.1,-1.047419998,0.00275478,-0.158430373,0.920017096,0.888989625,0.024508765
KH2013:KH.C11.404,CYP2J2/6,KYOTOGRAIL2005.36.35.1,-1.70775351,0.000114381,-0.086242279,0.981306413,1.621511231,0.000597951
KH2013:KH.C11.608,IRX1/2/3/5,KYOTOGRAIL2005.12.23.1,-1.452648305,0.005564878,-0.542828166,0.655503375,0.909820139,0.187204213
KH2013:KH.C11.636,SPRED1/2/3,KYOTOGRAIL2005.253.10.1,-1.248774109,0.039102778,-0.679355401,0.553038415,0.569418708,0.574721117
KH2013:KH.C11.721,KH2013:KH.C11.721_GPR144,KYOTOGRAIL2005.49.46.1,-1.981777342,0.003322669,-0.830602353,0.557454185,1.151174988,0.208891442
KH2013:KH.C12.13,FRAS1,KYOTOGRAIL2005.2833.1.1,-1.141334282,0.048278139,0.379578779,0.81490633,1.520913061,0.005607963
KH2013:KH.C12.2,PIKFYVE,KYOTOGRAIL2005.422.12.1,-1.159919716,0.043086155,-0.202479351,0.937095964,0.957440364,0.151248607
KH2013:KH.C12.225,RASSF/2/4/6,KYOTOGRAIL2005.201.8.1,-1.932479443,0.00529374,-1.538183583,0.118970559,0.394295861,0.840664228
KH2013:KH.C12.376,KH2013:KH.C12.376_Ci-cluster,KYOTOGRAIL2005.166.30.1,-1.101315438,0.021013966,0.347366885,0.802069837,1.448682323,0.001905286
KH2013:KH.C12.453,KH2013:KH.C12.453_TMEM150A,KYOTOGRAIL2005.166.31.1,-1.458530071,0.00012941,-0.237899254,0.873512248,1.220630817,0.004002473
KH2013:KH.C12.549,KH2013:KH.C12.549_ACAN,KYOTOGRAIL2005.35.1.1,-1.554603814,0.017307707,0.584292874,0.713967382,2.138896688,0.000634386
KH2013:KH.C12.72,NTN1/2/3/5,KYOTOGRAIL2005.203.22.1,-1.339364498,0.031926677,-1.10098207,0.242350003,0.238382428,0.906240696
KH2013:KH.C12.98,KH2013:KH.C12.98,KYOTOGRAIL2005.35.28.1,-1.054652123,0.033761509,0.191908431,0.926186588,1.246560554,0.012630079
KH2013:KH.C13.106,GMDS,KYOTOGRAIL2005.190.21.1,-1.08929876,0.046853754,-0.735754524,0.413864537,0.353544236,0.769751945
KH2013:KH.C13.22,SP1/5/6/7/8/9,KYOTOGRAIL2005.142.17.1,-2.299338172,0.009113253,0.338626255,0.935720999,2.637964427,0.003327561
KH2013:KH.C13.51,NR1D1/2,KYOTOGRAIL2005.88.22.1,-1.315589045,0.00275478,-0.191777228,0.923851895,1.123811816,0.022983105
KH2013:KH.C13.80,NAV1,KYOTOGRAIL2005.79.6.1,-1.506890509,0.003043111,-0.515723983,0.678913249,0.991166526,0.125587863
KH2013:KH.C13.81,MYOC,KYOTOGRAIL2005.645.3.1,-1.670133294,0.016398461,-0.607894537,0.728817106,1.062238757,0.254912024
KH2013:KH.C13.88,ERP44,KYOTOGRAIL2005.408.4.1,-1.155023512,0.022514646,-0.879047161,0.271756312,0.27597635,0.839214029
KH2013:KH.C14.152,KH2013:KH.C14.152_Ci-META4,KYOTOGRAIL2005.55.46.1,-1.934946327,0.000647272,0.175071702,0.958154162,2.110018029,0.000334634
KH2013:KH.C14.245,KH2013:KH.C14.245_TMED6,KYOTOGRAIL2005.67.50.1,-2.599345924,0.000127648,-1.168671989,0.351096926,1.430673935,0.108775567
KH2013:KH.C14.327,TMEM129,KYOTOGRAIL2005.66.63.1,-1.031288579,0.030603207,-0.594765744,0.488551834,0.436522835,0.602525956
KH2013:KH.C14.368,ARL1,KYOTOGRAIL2005.136.34.1,-1.131981538,0.015678781,-0.345553422,0.802069837,0.786428116,0.187204213
KH2013:KH.C14.407,KH2013:KH.C14.407_Ci-META4,KYOTOGRAIL2005.55.47.1,-3.341022534,0.0000166,-0.485877493,0.873512248,2.855145041,0.000595473
KH2013:KH.C14.565,CCKLR-17D1/3,KYOTOGRAIL2005.136.38.1,-1.209485769,0.046853754,-0.393962029,0.821534792,0.815523739,0.306312099
KH2013:KH.C14.604,HAND/1/2,KYOTOGRAIL2005.67.48.1,-1.668159861,0.020305705,-1.133209628,0.334877288,0.534950232,0.73073792
KH2013:KH.C2.110,KH2013:KH.C2.110_GST-11,KYOTOGRAIL2005.353.11.1,-1.508693671,0.00864588,-0.395775735,0.830826264,1.112917936,0.111462977
KH2013:KH.C2.313,IGF1/2,KYOTOGRAIL2005.5.51.1,-1.645151154,0.000810035,-0.977845591,0.235297208,0.667305563,0.405005282
KH2013:KH.C2.359,HIVEP1/2,KYOTOGRAIL2005.5.48.1,-1.441104089,0.040092223,0.201018009,0.955485477,1.642122098,0.020063477
KH2013:KH.C2.405,FAM84A,KYOTOGRAIL2005.30.47.1,-1.20470884,0.00527529,-0.153208466,0.944063946,1.051500375,0.030084408
KH2013:KH.C2.408,KH2013:KH.C2.408,KYOTOGRAIL2005.30.76.1,-2.405808304,0.006901647,-0.937824367,0.642640979,1.467983938,0.217723512
KH2013:KH.C2.591,KH2013:KH.C2.591_C5ORF4,KYOTOGRAIL2005.62.33.1,-1.333982843,0.009070159,0.059270143,0.986301979,1.393252987,0.009886731
KH2013:KH.C2.648,KH2013:KH.C2.648_DNMBP,KYOTOGRAIL2005.15.54.1,-1.084666451,0.02676011,-0.235425956,0.895345783,0.849240495,0.147859764
KH2013:KH.C2.846,KH2013:KH.C2.846_F14B6.6,KYOTOGRAIL2005.46.12.1,-1.175245416,0.003012187,-0.370119596,0.721944853,0.80512582,0.101498758
KH2013:KH.C2.935,KH2013:KH.C2.935_S1PR1/2/3/4/5,KYOTOGRAIL2005.15.59.1,-2.004540305,0.000910963,-1.409731676,0.109688661,0.594808629,0.623221198
KH2013:KH.C2.99,PRODH/2,KYOTOGRAIL2005.622.1.1,-1.250604528,0.004084458,-1.262396269,0.015827267,-0.011791741,0.998164673
KH2013:KH.C2.994,KH2013:KH.C2.994_RNF149,KYOTOGRAIL2005.101.41.1,-1.250596431,0.001181035,-0.880244782,0.12119121,0.370351649,0.637533078
KH2013:KH.C3.124,CPL-1,KYOTOGRAIL2005.118.40.1,-1.109490756,0.001091102,0.057295536,0.982026302,1.166786292,0.000958528
KH2013:KH.C3.150,PMFBP1,KYOTOGRAIL2005.120.6.1,-1.462119894,0.004043699,-0.457426906,0.737253937,1.004692989,0.113321609
KH2013:KH.C3.225,FBN1/2/3,KYOTOGRAIL2005.60.2.1,-1.646988674,0.002691897,0.339526348,0.864550241,1.986515023,0.000337001
KH2013:KH.C3.304,KH2013:KH.C3.304_RGS3,KYOTOGRAIL2005.184.19.1,-1.518222716,0.004367436,0.751969063,0.449422217,2.270191779,0.0000149
KH2013:KH.C3.487,SLC16A12/8,KYOTOGRAIL2005.22.30.1,-1.339336535,0.026691909,-0.723637269,0.527779815,0.615699266,0.534887049
KH2013:KH.C3.597,KIF22,KYOTOGRAIL2005.128.37.1,-1.326334775,0.002208387,-0.809360709,0.271593043,0.516974066,0.485156836
KH2013:KH.C3.633,TRRAP,KYOTOGRAIL2005.2489.1.1,-1.142188827,0.027655223,-0.398086475,0.775740591,0.744102351,0.280382546
KH2013:KH.C3.640,SLC38A1/2/3/4,KYOTOGRAIL2005.74.17.1,-1.665480181,0.0000974,-0.003218968,0.998799778,1.662261212,0.000229684
KH2013:KH.C3.67,CAUP,KYOTOGRAIL2005.2.10.1,-1.814051946,0.001102595,0.198038543,0.947259709,2.012090489,0.000422915
KH2013:KH.C3.794,KH2013:KH.C3.794_BHMT/2,KYOTOGRAIL2005.2.59.1,-1.472446997,0.017244173,-0.992477304,0.323772278,0.479969693,0.714998532
KH2013:KH.C3.805,KH2013:KH.C3.805_CG14331,KYOTOGRAIL2005.152.11.1,-1.647534825,0.002077372,0.049173159,0.987762992,1.696707984,0.002457301
KH2013:KH.C3.82,MAP1LC3B/2,KYOTOGRAIL2005.20.72.1,-1.01380293,0.002215582,0.176983663,0.892449175,1.190786594,0.000381181
KH2013:KH.C3.879,SOCS6,KYOTOGRAIL2005.272.15.1,-1.059568,0.021707911,-0.086909774,0.978846072,0.972658226,0.056863748
KH2013:KH.C3.96,KH2013:KH.C3.96_JMJD5/7,KYOTOGRAIL2005.60.23.1,-1.915421367,0.021332575,-0.431389754,0.887277885,1.484031613,0.139315431
KH2013:KH.C3.99,SPIRE1/2,KYOTOGRAIL2005.25.23.1,-1.487766174,0.004031416,0.359362757,0.833860357,1.847128931,0.000363485
KH2013:KH.C4.125,KH2013:KH.C4.125_BMP2/4,KYOTOGRAIL2005.123.32.1,-1.591465921,0.003384162,-1.153208998,0.161213351,0.438256923,0.720395876
KH2013:KH.C4.226,KH2013:KH.C4.226,KYOTOGRAIL2005.6.31.1,-2.220727678,0.0000715,-1.788610681,0.009534475,0.432116997,0.763098804
KH2013:KH.C4.235,TYRP1,KYOTOGRAIL2005.6.73.1,-1.86892684,0.029562423,0.020639781,0.996079376,1.889566621,0.037477897
KH2013:KH.C4.249,NHS,KYOTOGRAIL2005.26.76.1,-1.789171227,0.0000101,-0.152074006,0.946008663,1.637097221,0.000138758
KH2013:KH.C4.335,LRP4/8,KYOTOGRAIL2005.836.1.1,-1.557407886,0.00137759,-0.610986253,0.557454185,0.946421632,0.135485346
KH2013:KH.C4.351,KH2013:KH.C4.351_Mech3,KYOTOGRAIL2005.849.4.1,-1.716523766,0.017785337,-0.237580102,0.947551221,1.478943664,0.074397744
KH2013:KH.C4.391,KH2013:KH.C4.391_FRMD4A,KYOTOGRAIL2005.182.2.1,-1.51360872,0.000551072,-0.717274836,0.370063223,0.796333884,0.185371709
KH2013:KH.C4.45,SMURF1/2,KYOTOGRAIL2005.18.53.1,-1.855091357,0.003384162,-0.358650101,0.882662794,1.496441255,0.040207713
KH2013:KH.C4.587,GM1568,KYOTOGRAIL2005.6.18.1,-1.146195669,0.003000743,-0.402212196,0.66120016,0.743983473,0.132109966
KH2013:KH.C4.775,KH2013:KH.C4.775_WBSCR27,KYOTOGRAIL2005.18.37.1,-2.196251055,0.002728127,0.137657683,0.981306413,2.333908737,0.002270926
KH2013:KH.C5.120,KH2013:KH.C5.120,KYOTOGRAIL2005.53.61.1,-2.761356939,0.008442201,-0.336593122,0.953249058,2.424763817,0.038686151
KH2013:KH.C5.32,CSMD1/2/3,KYOTOGRAIL2005.106.1.1,-2.149206115,0.000591125,-1.039591593,0.358540868,1.109614522,0.200216071
KH2013:KH.C5.440,LRRN3,KYOTOGRAIL2005.106.3.1,-1.319643377,0.010354828,-0.361219279,0.822434462,0.958424098,0.132109966
KH2013:KH.C5.48,KH2013:KH.C5.48,KYOTOGRAIL2005.106.6.1,-2.124969169,0.0000133,-1.598528183,0.007994835,0.526440986,0.587846667
KH2013:KH.C5.543,KH2013:KH.C5.543_THBS1/2,KYOTOGRAIL2005.42.77.1,-1.128621153,0.024362031,0.171619072,0.942966784,1.300240226,0.01066929
KH2013:KH.C5.561,KH2013:KH.C5.561_TLX1/2/3,KYOTOGRAIL2005.42.91.1,-4.458648375,0.0000272,-1.197499317,0.646194409,3.261149058,0.006872903
KH2013:KH.C5.620,KH2013:KH.C5.620_SVEP1,KYOTOGRAIL2005.106.5.2,-1.729631842,0.015479958,-0.394394823,0.877391797,1.335237019,0.121529291
KH2013:KH.C5.71,EFCAB7,KYOTOGRAIL2005.27.67.1,-1.040403536,0.028622172,-0.741135834,0.326192576,0.299267702,0.786527148
KH2013:KH.C5.74,FOXG1,KYOTOGRAIL2005.42.15.1,-1.114841714,0.015678781,-0.70357167,0.366863783,0.411270045,0.641663509
KH2013:KH.C6.202,PRSS23/35,KYOTOGRAIL2005.61.42.1,-2.17980465,0.021860978,0.483532526,0.889517045,2.663337176,0.005051449
KH2013:KH.C6.222,KH2013:KH.C6.222,KYOTOGRAIL2005.216.4.1,-2.317728799,0.0000232,-0.748094366,0.529165634,1.569634433,0.014353738
KH2013:KH.C6.94,TP53I11,KYOTOGRAIL2005.186.10.1,-1.409951529,0.01467271,-0.609538453,0.625424554,0.800413076,0.335163913
KH2013:KH.C7.224,ANK2/3,KYOTOGRAIL2005.81.10.1,-2.195147592,0.001077351,-0.161331659,0.97226214,2.033815933,0.005342081
KH2013:KH.C7.253,PXDN,KYOTOGRAIL2005.268.11.1,-1.946437596,0.0000251,0.042620987,0.987937918,1.989058583,0.0000469
KH2013:KH.C7.478,SI:DKEY-98P3.7,KYOTOGRAIL2005.78.5.1,-1.079184117,0.015183342,-0.247956654,0.874519137,0.831227463,0.121529291
KH2013:KH.C7.746,KH2013:KH.C7.746_SPTY2D1,KYOTOGRAIL2005.52.9.1,-1.850924251,0.022544511,-0.016621036,0.996492866,1.834303216,0.035271549
KH2013:KH.C7.707,CAPN5A,KYOTOGRAIL2005.81.46.1,-1.806758244,0.002193542,-0.189770332,0.955404805,1.616987912,0.013212509
KH2013:KH.C8.154,KH2013:KH.C8.154_ABCG2/3,KYOTOGRAIL2005.11.30.1,-1.859459312,0.00204947,-1.03164197,0.322242345,0.827817342,0.386064725
KH2013:KH.C8.285,CDK5RAP3,KYOTOGRAIL2005.47.32.1,-1.270647133,0.008554294,-0.229853851,0.906782052,1.040793282,0.062018653
KH2013:KH.C8.351,TMPRSS11B,KYOTOGRAIL2005.16.128.1,-1.505273256,0.008663235,-0.621220827,0.619542845,0.884052429,0.263588253
KH2013:KH.C8.445,SLIT1/2/3,KYOTOGRAIL2005.3.14.1,-1.609766569,0.00529374,-0.929187967,0.353353958,0.680578602,0.481322012
KH2013:KH.C8.456,WDR67,KYOTOGRAIL2005.3.88.1,-1.512094432,0.013607303,-1.057977879,0.285628654,0.454116553,0.740087058
KH2013:KH.C8.482,NKX2-3,KYOTOGRAIL2005.91.13.1,-1.919870841,0.001107561,-0.660781383,0.629843147,1.259089458,0.086666747
KH2013:KH.C8.489,KH2013:KH.C8.489_SI:DKEY-29D8.3,KYOTOGRAIL2005.11.45.1,-1.325861147,0.012128042,-0.227227974,0.922071439,1.098633173,0.074397744
KH2013:KH.C8.49,KH2013:KH.C8.49_FOXI1/3,KYOTOGRAIL2005.91.21.1,-2.295387361,0.000132261,-0.051585259,0.989030433,2.243802102,0.000422915
KH2013:KH.C8.551,KH2013:KH.C8.551_CYP26B1,KYOTOGRAIL2005.13.65.1,-1.363025797,0.035926883,0.478639399,0.785196059,1.841665196,0.002841476
KH2013:KH.C8.595,PPAP2B,KYOTOGRAIL2005.411.8.1,-1.521944802,0.032707673,-0.934756168,0.446303868,0.587188634,0.665448793
KH2013:KH.C8.662,FOXI1/2,KYOTOGRAIL2005.91.20.1,-2.120446478,0.046695498,-0.110445158,0.986301979,2.010001321,0.083801418
KH2013:KH.C8.710,STC1/2,KYOTOGRAIL2005.47.11.1,-3.409134442,5.95E-10,0.146179473,0.967452177,3.555313915,4.61E-10
KH2013:KH.C8.751,FREM1,KYOTOGRAIL2005.13.112.1,-1.993026841,0.0000177,-0.154821406,0.955686792,1.838205435,0.000205457
KH2013:KH.C8.863,KH2013:KH.C8.863_TRIM2/3,KYOTOGRAIL2005.1.120.1,-2.075734317,0.0000141,0.722060536,0.446928097,2.797794853,2.37E-08
KH2013:KH.C8.91,KH2013:KH.C8.91,KYOTOGRAIL2005.1.174.1,-1.878142456,0.040030716,-0.45406643,0.888175316,1.424076026,0.200828961
KH2013:KH.C9.106,KH2013:KH.C9.106_TGFBR3,KYOTOGRAIL2005.21.46.1,-1.058110206,0.017055503,-0.758713766,0.285628654,0.29939644,0.774909389
KH2013:KH.C9.133,UNC5A,KYOTOGRAIL2005.21.39.1,-1.60712553,0.000111719,-0.788436091,0.285628654,0.818689438,0.147584194
KH2013:KH.C9.172,KH2013:KH.C9.172_CTGF,KYOTOGRAIL2005.102.6.1,-2.059794466,0.009417893,0.079624535,0.986434625,2.139419001,0.010857884
KH2013:KH.C9.234,MTDH,KYOTOGRAIL2005.103.21.1,-1.10438753,0.00529374,-0.261757969,0.849446977,0.842629561,0.07471422
KH2013:KH.C9.27,WNT2/3,KYOTOGRAIL2005.21.6.1,-2.170873857,0.000225587,-0.045469896,0.989576796,2.125403961,0.000641073
KH2013:KH.C9.281,ASS1,KYOTOGRAIL2005.309.3.1,-1.810149177,0.000111719,-0.597196833,0.56747465,1.212952344,0.030084408
KH2013:KH.C9.369,SNUPN,KYOTOGRAIL2005.14.96.1,-1.108040121,0.021860978,-1.117269989,0.06944271,-0.009229868,0.998272416
KH2013:KH.C9.409,KH2013:KH.C9.409_SULT2A1/3/4/5/6,KYOTOGRAIL2005.309.4.1,-1.884333879,0.000199058,-0.109505771,0.978742067,1.774828108,0.00107827
KH2013:KH.C9.523,NEK6/7,KYOTOGRAIL2005.308.15.1,-1.227207756,0.019322045,-0.608456743,0.557454185,0.618751014,0.445366415
KH2013:KH.C9.608,KH2013:KH.C9.608_PDE9A,KYOTOGRAIL2005.102.27.1,-2.19545408,0.002709159,-0.562953401,0.804380653,1.632500678,0.060691363
KH2013:KH.C9.698,GPX7/8,KYOTOGRAIL2005.361.8.1,-1.669324032,0.001102595,-1.048222028,0.208118887,0.621102004,0.484427107
KH2013:KH.C9.94,TRA-4,KYOTOGRAIL2005.2163.1.1,-2.998479015,0.003987441,-0.791061353,0.805879708,2.207417663,0.079122957
KH2013:KH.L112.20,KH2013:KH.L112.20,KYOTOGRAIL2005.258.7.1,-1.969386681,0.009630782,0.39218975,0.892449175,2.361576432,0.002080793
KH2013:KH.L116.25,IMPACT,KYOTOGRAIL2005.174.20.1,-1.069021956,0.017640331,-0.565756465,0.507957947,0.503265491,0.489189323
KH2013:KH.L144.17,KH2013:KH.L144.17_BIRC2,KYOTOGRAIL2005.288.16.1,-2.152495136,0.003950629,-0.650155263,0.752336809,1.502339873,0.102973617
KH2013:KH.L154.36,CYP4F22/39,KYOTOGRAIL2005.176.24.1,-1.816828418,0.007289315,-0.345918288,0.89344439,1.47091013,0.060789702
KH2013:KH.L170.24,TRABD,KYOTOGRAIL2005.109.23.1,-1.113275923,0.037472,-0.261801324,0.889570701,0.851474599,0.188570835
KH2013:KH.L170.56,KH2013:KH.L170.56_C2ORF89,KYOTOGRAIL2005.1898.1.1,-2.358023258,0.0000232,-0.767577708,0.524325143,1.59044555,0.01463838
KH2013:KH.L170.89,KH2013:KH.L170.89_C2ORF89,KYOTOGRAIL2005.109.5.1,-3.568453519,1.22E-11,-0.822388223,0.382802373,2.746065296,0.000000076
KH2013:KH.L171.5,SFRP1/5,KYOTOGRAIL2005.148.4.1,-1.56011743,0.028930924,0.077648608,0.986301979,1.637766038,0.027678399
KH2013:KH.L18.113,PQLC2,KYOTOGRAIL2005.413.4.1,-1.208262461,0.008367218,-0.126339505,0.961787977,1.081922956,0.033390963
KH2013:KH.L18.97,SAP130,KYOTOGRAIL2005.165.19.1,-1.073041741,0.016695389,-0.737367573,0.309462855,0.335674168,0.731977588
KH2013:KH.L19.12,WNT10A,KYOTOGRAIL2005.228.8.2,-2.555923314,2.41E-08,-0.058923352,0.986301979,2.496999962,0.000000076
KH2013:KH.L20.1,GATA4/5/6,KYOTOGRAIL2005.313.4.1,-1.335444102,0.042194722,-1.173235159,0.218052203,0.162208943,0.947773681
KH2013:KH.L20.30,EPG5,KYOTOGRAIL2005.527.2.1,-1.157590985,0.018976103,-0.593286036,0.538613622,0.564304949,0.468955026
KH2013:KH.L22.21,KH2013:KH.L22.21_ITGA1/10/11,KYOTOGRAIL2005.179.23.1,-1.90206605,0.013257068,-0.907424033,0.557454185,0.994642017,0.395240715
KH2013:KH.L30.1,KH2013:KH.L30.1,KYOTOGRAIL2005.1156.2.1,-1.583706832,0.000638953,-0.505309285,0.647273227,1.078397547,0.054344301
KH2013:KH.L31.5,FAN1,KYOTOGRAIL2005.685.3.1,-1.07330883,0.009338948,-0.63970807,0.367903227,0.43360076,0.548465415
KH2013:KH.L34.17,TNK2,KYOTOGRAIL2005.463.2.1,-1.017553178,0.007289315,0.093230856,0.969109702,1.110784034,0.004779639
KH2013:KH.L37.47,KH2013:KH.L37.47_T07G12.2/5,KYOTOGRAIL2005.214.5.1,-1.594555712,0.029562423,-0.446431334,0.851408829,1.148124378,0.210962095
KH2013:KH.L47.9,GREM1/2,KYOTOGRAIL2005.453.2.1,-1.83525027,0.004868237,-0.573469095,0.745008881,1.261781175,0.122777852
KH2013:KH.L73.5,KH2013:KH.L73.5_Ci-META5,KYOTOGRAIL2005.285.8.1,-2.756606913,0.049855094,-1.31758263,0.652839466,1.439024283,0.503241692
KH2013:KH.L84.16,KH2013:KH.L84.16_PTGS1/2,KYOTOGRAIL2005.207.19.1,-1.628408257,0.034804868,-0.827910724,0.588234478,0.800497532,0.51296955
KH2013:KH.L96.40,BCAS3,KYOTOGRAIL2005.212.25.1,-1.219386734,0.000987124,-0.077336195,0.978759731,1.142050539,0.004350334
KH2013:KH.S115.33,KH2013:KH.S115.33_BIRC2/3,KYOTOGRAIL2005.115.11.1,-1.43408684,0.017640331,0.011634629,0.996525263,1.445721469,0.0250104
KH2013:KH.S1428.1,KH2013:KH.S1428.1_TDO2,KYOTOGRAIL2005.1428.1.1,-1.776958096,0.019893887,-0.095260665,0.986301979,1.681697431,0.042555377
KH2013:KH.S1555.2,KH2013:KH.S1555.2,KYOTOGRAIL2005.1555.1.1,-1.455160109,0.008554294,-0.764948231,0.449772948,0.690211878,0.428510985
KH2013:KH.S1903.1,KH2013:KH.S1903.1,KYOTOGRAIL2005.1903.1.1,-2.094380304,0.013047006,-0.847523806,0.658523712,1.246856498,0.288392573
KH2013:KH.S435.7,KH2013:KH.S435.7_P4HA1/2,KYOTOGRAIL2005.435.8.1,-1.613979828,0.011121469,0.177037503,0.961550579,1.791017331,0.006502684
KH2013:KH.S553.4,CATP-5/6/7,KYOTOGRAIL2005.1931.1.1,-1.206133395,0.030215105,-0.475849867,0.723533153,0.730283528,0.34926994
KH2013:KH.S555.1,KH2013:KH.S555.1_HTR7,KYOTOGRAIL2005.555.8.1,-2.73262257,0.000000179,-0.777582468,0.45092348,1.955040103,0.000383605
KH2013:KH.S562.6,KH2013:KH.S562.6_ALS2CR8,KYOTOGRAIL2005.562.5.1,-1.0472293,0.008669422,-1.481574885,0.000430841,-0.434345585,0.524294199
KH2013:KH.S630.2,KH2013:KH.S630.2_CUZD1,KYOTOGRAIL2005.630.1.1,-1.261736406,0.003863401,-0.028631366,0.990358844,1.23310504,0.0087882
KH2013:KH.S725.5,KH2013:KH.S725.5,KYOTOGRAIL2005.725.2.1,-1.834446413,0.000911335,0.036469736,0.990424842,1.870916149,0.001276265
KH2013:KH.S770.1,SLC2A1/14/2/3/4,KYOTOGRAIL2005.770.1.1,-1.533985066,0.007424606,-0.587784528,0.655106771,0.946200538,0.215187933
KH2013:KH.S787.1,PTEN,KYOTOGRAIL2005.787.1.1,-1.04264355,0.002728127,-0.58069078,0.336405191,0.46195277,0.405029564
KH2013:KH.S918.2,RAP1B,KYOTOGRAIL2005.918.5.1,-1.899463965,0.005458451,-0.218665845,0.954886581,1.68079812,0.027386489
KH2013:KH.S921.3,KH2013:KH.S921.3,KYOTOGRAIL2005.921.4.1,-1.459812375,0.009682407,-1.040619687,0.256711557,0.419192688,0.743426782
KH2013:KH.S926.2,MUC19/2,KYOTOGRAIL2005.926.1.1,-2.687320146,0.006805834,-1.3301275,0.480294442,1.357192646,0.368447654
KH2013:KH.C2.716,PAM16,KYOTOGRAIL2005.30.48.1,-1.524436909,0.023454153,-1.750872283,0.024769088,-0.226435374,0.92604994
KH2013:KH.C3.125,KH2013:KH.C3.125,KYOTOGRAIL2005.74.18.1,-1.671894141,0.000111719,-0.344994239,0.807123315,1.326899901,0.006447378
KH2013:KH.C4.404,KH2013:KH.C4.404,KYOTOGRAIL2005.243.13.1,-1.570778458,0.002350668,-0.310155989,0.871375837,1.260622469,0.033390963
